title,script_src
Quer pagar multa? Fique atento às penalidades da NFC-e,https://d335luupugsy2.cloudfront.net/js/rdstation-forms/stable/rdstation-forms.min.js
Quer pagar multa? Fique atento às penalidades da NFC-e,[inline script]
10 coisas sobre NFC-e que você precisa saber (2018),https://d335luupugsy2.cloudfront.net/js/rdstation-forms/stable/rdstation-forms.min.js
10 coisas sobre NFC-e que você precisa saber (2018),[inline script]
"Automatizar sua empresa, sim ou não?",https://d335luupugsy2.cloudfront.net/js/rdstation-forms/stable/rdstation-forms.min.js
"Automatizar sua empresa, sim ou não?",[inline script]
Pequenas empresas: entenda como o código de barras pode auxiliar você,https://d335luupugsy2.cloudfront.net/js/rdstation-forms/stable/rdstation-forms.min.js
Pequenas empresas: entenda como o código de barras pode auxiliar você,[inline script]
MEI: descubra como emitir Nota Fiscal no seu Estado (Atualizado 2025),https://static.zdassets.com/ekr/snippet.js?key=ff173b4d-da2c-4a4f-9cdb-d6cf561a8dce
Totem Especialista Belém,[inline script]
